{"cameraMode":{"drawMode":0,"name":"Shaded","section":"Shading Mode"},"sceneLighting":true,"audioPlay":false,"sceneViewState":{"showFog":true,"showMaterialUpdate":false,"showSkybox":true,"showFlares":true,"showImageEffects":true,"showParticleSystems":true,"showVisualEffectGraphs":true,"m_FxEnabled":true},"in2DMode":false,"pivot":{"x":110.6837158203125,"y":22.21094512939453,"z":-108.2959976196289},"rotation":{"x":0.0067806183360517029,"y":0.9932774305343628,"z":-0.0854351744055748,"w":0.07792530953884125},"size":18.355138778686525,"orthographic":false}