{"cameraMode":{"drawMode":0,"name":"Shaded","section":"Shading Mode"},"sceneLighting":true,"audioPlay":false,"sceneViewState":{"showFog":true,"showMaterialUpdate":false,"showSkybox":true,"showFlares":true,"showImageEffects":true,"showParticleSystems":true,"showVisualEffectGraphs":true,"m_FxEnabled":true},"in2DMode":false,"pivot":{"x":111.62173461914063,"y":2.2608182430267336,"z":-84.80681610107422},"rotation":{"x":0.4232615530490875,"y":0.06681197136640549,"z":-0.031220780685544015,"w":0.9030062556266785},"size":31.047143936157228,"orthographic":false}