{"cameraMode":{"drawMode":0,"name":"Shaded","section":"Shading Mode"},"sceneLighting":true,"audioPlay":false,"sceneViewState":{"showFog":true,"showMaterialUpdate":false,"showSkybox":true,"showFlares":true,"showImageEffects":true,"showParticleSystems":true,"showVisualEffectGraphs":true,"m_FxEnabled":true},"in2DMode":false,"pivot":{"x":116.87478637695313,"y":17.623872756958009,"z":-100.7688217163086},"rotation":{"x":-0.23869085311889649,"y":-0.30074235796928408,"z":0.07793912291526795,"w":-0.9200617671012878},"size":18.355138778686525,"orthographic":false}