{"cameraMode":{"drawMode":0,"name":"Shaded","section":"Shading Mode"},"sceneLighting":true,"audioPlay":false,"sceneViewState":{"showFog":true,"showMaterialUpdate":false,"showSkybox":true,"showFlares":true,"showImageEffects":true,"showParticleSystems":true,"showVisualEffectGraphs":true,"m_FxEnabled":true},"in2DMode":false,"pivot":{"x":114.81520080566406,"y":19.23551368713379,"z":-107.08727264404297},"rotation":{"x":-0.3548116087913513,"y":-0.052399568259716037,"z":0.019921233877539636,"w":-0.9332587122917175},"size":16.927364349365236,"orthographic":false}